,Datetime,sin_wave,cos_wave
2024-01-01,2024-01-01,0.4967141530112327,2.399355436586002
2024-01-02,2024-01-02,-0.1256856833324436,1.9245545689698944
2024-01-03,2024-01-03,0.6728437834900683,1.059313926666708
2024-01-04,2024-01-04,1.5607577490867426,0.3523512719147661
2024-01-05,2024-01-05,-0.1838588043599698,1.6969577408723904
2024-01-06,2024-01-06,-0.1712836669046986,1.3915081626821606
2024-01-07,2024-01-07,1.654614880089793,1.8923464322557786
2024-01-08,2024-01-08,0.85537363756397,1.6312976714331124
2024-01-09,2024-01-09,-0.36901254808278416,2.0444936277032637
2024-01-10,2024-01-10,0.6555289150150375,0.45836331605913494
2024-01-11,2024-01-11,-0.33795966263216626,2.3094929934954944
2024-01-12,2024-01-12,-0.32780241559760326,1.1880419550792243
2024-01-13,2024-01-13,0.3923370933799708,3.0638899299386884
2024-01-14,2024-01-14,-1.7504817324927036,0.2974715174649242
2024-01-15,2024-01-15,-1.5497213892611639,2.7204972999401913
2024-01-16,2024-01-16,-0.3747208758651356,1.1801626608043958
2024-01-17,2024-01-17,-0.8129239351096192,0.3283968346562811
2024-01-18,2024-01-18,0.5264634187777817,0.49333693111510407
2024-01-19,2024-01-19,-0.6835326668836383,0.6541287599817631
2024-01-20,2024-01-20,-1.1755724910436118,1.3957411282966765
2024-01-21,2024-01-21,1.7145823233884456,1.4913560533620593
2024-01-22,2024-01-22,0.03532020992555254,0.39161269785842434
2024-01-23,2024-01-23,0.34074635829638966,0.937597506618572
2024-01-24,2024-01-24,-1.1394516201394072,3.1007096469271724
2024-01-25,2024-01-25,-0.24705288785801038,2.682317996029565
2024-01-26,2024-01-26,0.4202386510987349,1.3872829612143573
2024-01-27,2024-01-27,-0.8297402337381592,0.9849967670418636
2024-01-28,2024-01-28,0.7088378130877295,1.0629087721793455
2024-01-29,2024-01-29,-0.25566515612421453,1.5521303852742059
2024-01-30,2024-01-30,0.06505893862095491,-0.08859370022948576
2024-01-31,2024-01-31,-0.23323121741914704,0.672260963659432
2024-02-01,2024-02-01,2.2324179826325343,-0.7436550312572644
2024-02-02,2024-02-02,0.3782468279824634,1.3192973571962705
2024-02-03,2024-02-03,-0.6544246064719191,1.5622697848635272
2024-02-04,2024-02-04,1.237309693208596,0.4267422032313828
2024-02-05,2024-02-05,-0.794666037598587,2.478626273101831
2024-02-06,2024-02-06,0.6463866054616597,-0.3265584481065045
2024-02-07,2024-02-07,-1.5108709436793135,-0.5707422398864079
2024-02-08,2024-02-08,-0.8681817114998196,1.112368486707645
2024-02-09,2024-02-09,0.6679979449521414,1.929158505406966
2024-02-10,2024-02-10,1.2206611137974581,2.559991862378827
2024-02-11,2024-02-11,0.6645443430894449,0.41104525839661965
2024-02-12,2024-02-12,0.38843127340308403,1.9423380579325562
2024-02-13,2024-02-13,0.21379959465152382,0.8187398035796096
2024-02-14,2024-02-14,-0.9528764377361066,0.6780763811367418
2024-02-15,2024-02-15,-0.18353956515732617,1.7276844215166227
2024-02-16,2024-02-16,0.08624010453383985,1.4895346171861303
2024-02-17,2024-02-17,1.6144888024805577,-0.7461256337121286
2024-02-18,2024-02-18,0.9113843756631692,2.299730286180841
2024-02-19,2024-02-19,-1.1849643958623632,2.196074452182006
2024-02-20,2024-02-20,0.9123779345956,0.18308444682422564
2024-02-21,2024-02-21,0.21333680597461024,1.1969867815417665
2024-02-22,2024-02-22,-0.06847247931174172,1.2876227646262537
2024-02-23,2024-02-23,1.2300599707570832,1.046550105930762
2024-02-24,2024-02-24,1.659219519791593,0.2277306004730194
2024-02-25,2024-02-25,1.5692370298693104,0.09844869363952968
2024-02-26,2024-02-26,-0.1916246415852445,0.7364324509710999
2024-02-27,2024-02-27,0.34791400941797396,1.9265094340905342
2024-02-28,2024-02-28,0.9978193445859359,1.2890551932128687
2024-02-29,2024-02-29,1.6514251004850382,0.3663973785449154
2024-03-01,2024-03-01,0.20592285263849092,1.5001504774872056
2024-03-02,2024-03-02,0.5085468294769053,-2.128766058966312
2024-03-03,2024-03-03,-0.40313029492534436,1.859753168137206
2024-03-04,2024-03-04,-0.48411433864964537,-1.0376279029554771
2024-03-05,2024-03-05,1.533393041318783,0.330632252913265
2024-03-06,2024-03-06,2.0857681196930113,-0.4357190453221782
2024-03-07,2024-03-07,0.6660634100520051,-0.6199611915262131
2024-03-08,2024-03-08,1.750035086220076,1.8262097468998988
2024-03-09,2024-03-09,1.116448752608433,0.18823915139727637
2024-03-10,2024-03-10,0.11788407976640292,0.9928978395724851
2024-03-11,2024-03-11,1.1324698182071387,0.5898247065458765
2024-03-12,2024-03-12,2.3170591520494606,1.1040366893712
2024-03-13,2024-03-13,0.7510216562616384,0.6939691217017107
2024-03-14,2024-03-14,2.35919195972645,-0.6757912749552379
2024-03-15,2024-03-15,-1.8176219113347005,1.5934254111499264
2024-03-16,2024-03-16,1.6314736677159678,0.09326516386950617
2024-03-17,2024-03-17,0.9039381054310766,-0.9797898795108213
2024-03-18,2024-03-18,0.5250743056374969,0.1383558657194215
2024-03-19,2024-03-19,0.9229026588511958,2.0568201933431585
2024-03-20,2024-03-20,-1.1494983158956664,1.395783536583985
2024-03-21,2024-03-21,0.6251948211183058,0.18632472873499256
2024-03-22,2024-03-22,1.2086417092450576,0.1750495792388031
2024-03-23,2024-03-23,2.3359508755972036,0.19191969272126902
2024-03-24,2024-03-24,0.3461785371862175,2.579468929199563
2024-03-25,2024-03-25,0.06221029727193983,0.8737430550979952
2024-03-26,2024-03-26,0.375064231648617,0.9108580896080345
2024-03-27,2024-03-27,1.7982020304266937,1.500032657430213
2024-03-28,2024-03-28,1.2173899763120404,0.6973967959830045
2024-03-29,2024-03-29,0.3645770093639884,0.18835136017712378
2024-03-30,2024-03-30,1.4131614836366744,0.23975873582563284
2024-03-31,2024-03-31,1.002386048930637,0.35315339986998395
2024-04-01,2024-04-01,1.8792246941249249,0.3761112891159426
2024-04-02,2024-04-02,0.21365373462281678,1.1294765347146312
2024-04-03,2024-04-03,0.5930269164550948,0.442242758937025
2024-04-04,2024-04-04,0.5334174657895202,1.1113250765483296
2024-04-05,2024-04-05,-0.5332992173035144,0.28629662690038304
2024-04-06,2024-04-06,1.230878933731727,0.4339185332774843
2024-04-07,2024-04-07,1.200208949799657,-1.6547034213504843
2024-04-08,2024-04-08,0.9485135549140421,1.2479845072586206
2024-04-09,2024-04-09,0.7129101133452829,0.6662524004692381
2024-04-10,2024-04-10,-0.46392626736723763,1.30583053087628
2024-04-11,2024-04-11,0.5345958348329278,-2.600427166506087
2024-04-12,2024-04-12,0.6161721781978802,2.3721638988668245
2024-04-13,2024-04-13,0.16010324001501453,0.132115644965239
2024-04-14,2024-04-14,0.8044363366493454,1.3677611775413323
2024-04-15,2024-04-15,1.3729616400506879,-0.7924955511735283
2024-04-16,2024-04-16,2.8581321106627637,0.8479771489420598
2024-04-17,2024-04-17,1.149405659506373,-0.8304566670786787
2024-04-18,2024-04-18,1.2351056296704506,-0.4130896907000787
2024-04-19,2024-04-19,0.9056820389560093,2.1123976624277994
2024-04-20,2024-04-20,-0.9362256283764138,-0.004660440718654346
2024-04-21,2024-04-21,0.9582938775629911,0.3910810508466533
2024-04-22,2024-04-22,1.0471443049941864,1.0313146499939065
2024-04-23,2024-04-23,3.452106392248722,0.6445020351568539
2024-04-24,2024-04-24,0.7982970337883092,0.2867887327096764
2024-04-25,2024-04-25,1.2938423099884262,0.48885893290468063
2024-04-26,2024-04-26,0.959063158300181,2.5148220144415037
2024-04-27,2024-04-27,-0.17358039216926602,0.04127850333066447
2024-04-28,2024-04-28,2.139085725213575,0.287471569929496
2024-04-29,2024-04-29,1.7492035720596069,1.124488475530684
2024-04-30,2024-04-30,1.789152319081193,1.1668098861793001
2024-05-01,2024-05-01,0.08942481943253022,1.2357544356495924
2024-05-02,2024-05-02,2.40214044739808,0.6748868194702038
2024-05-03,2024-05-03,-0.40212918852189217,-1.1194215689196263
2024-05-04,2024-05-04,1.586796522000564,1.6444378909391608
2024-05-05,2024-05-05,3.190454389638576,-1.1479177610662723
2024-05-06,2024-05-06,0.009363546636060538,0.2884846192982714
2024-05-07,2024-05-07,0.433345038059458,-0.7810029347948627
2024-05-08,2024-05-08,1.0988788572837207,-0.10343744123312369
2024-05-09,2024-05-09,0.4951784569602573,0.2768975240113796
2024-05-10,2024-05-10,-0.5527407160378894,0.25693474397750504
2024-05-11,2024-05-11,1.0655963945847176,0.3449508910133055
2024-05-12,2024-05-12,-0.06631734768700048,1.5242061928661808
2024-05-13,2024-05-13,1.468374150117767,0.35150817454999583
2024-05-14,2024-05-14,0.07399543648400753,-0.3586876696477894
2024-05-15,2024-05-15,2.541834840276416,0.8370693485414787
2024-05-16,2024-05-16,0.2069709611549615,1.0499859815490953
2024-05-17,2024-05-17,0.6663298744277972,-1.379536939802508
2024-05-18,2024-05-18,1.7999193540653844,0.4330503673185521
2024-05-19,2024-05-19,-0.24660751000058656,0.524428466619757
2024-05-20,2024-05-20,1.2094156739016362,-0.4866743863379081
2024-05-21,2024-05-21,2.2866420536635443,1.1742592456621144
2024-05-22,2024-05-22,-0.630595359199735,-0.3638079647309021
2024-05-23,2024-05-23,1.1587557389710406,-0.10044691268890668
2024-05-24,2024-05-24,1.2310845465187998,-0.41133041570703444
2024-05-25,2024-05-25,1.7499508246794293,-0.23487706995123073
2024-05-26,2024-05-26,-0.2720497421833429,-1.3588891013954836
2024-05-27,2024-05-27,-0.3589353028371508,-1.714781241201877
2024-05-28,2024-05-28,1.4799310779323864,1.3077018305138823
2024-05-29,2024-05-29,1.2512908069619348,-1.1457920748637875
2024-05-30,2024-05-30,1.2009646076459881,-1.302203286482078
2024-05-31,2024-05-31,1.2929351992318283,-2.476132082152364
2024-06-01,2024-06-01,0.2623277399558278,-0.9735836809817036
2024-06-02,2024-06-02,1.1703225240571695,-1.6695387449222217
2024-06-03,2024-06-03,1.2267092369095276,1.2837940082842418
2024-06-04,2024-06-04,0.21470555492799503,0.6398804177285912
2024-06-05,2024-06-05,2.790104690722065,-1.069744002256272
2024-06-06,2024-06-06,1.3932900523019929,1.85924554155883
2024-06-07,2024-06-07,-0.2768648977574828,0.577040830163321
2024-06-08,2024-06-08,1.5658289864477184,-0.74102639465293
2024-06-09,2024-06-09,-0.07071338676530525,-2.927005226677242
2024-06-10,2024-06-10,1.6856027598623196,1.8520062182944115
2024-06-11,2024-06-11,2.0515214371569725,-1.839776211581269
2024-06-12,2024-06-12,0.0665099560568938,-2.1067986475092084
2024-06-13,2024-06-13,1.8446944413541289,0.5500473820534284
2024-06-14,2024-06-14,1.2880858276143112,1.9561809733023285
2024-06-15,2024-06-15,1.691213151596489,0.8897295168782996
2024-06-16,2024-06-16,2.7596565409398783,0.05847220036589529
2024-06-17,2024-06-17,0.6110494798904755,0.07850377813975751
2024-06-18,2024-06-18,0.0961399568331971,0.3264330366508985
2024-06-19,2024-06-19,-0.04633425723930085,0.22129749238377794
2024-06-20,2024-06-20,0.0205405240003379,-0.2670031804753339
2024-06-21,2024-06-21,0.7522874021109787,-0.45447026786131584
2024-06-22,2024-06-22,1.1634481564154535,-0.631652869691206
2024-06-23,2024-06-23,1.0917639408162816,-1.333322659517043
2024-06-24,2024-06-24,1.6349043831098309,-0.8702398057732131
2024-06-25,2024-06-25,0.813243214531939,-2.29263491577733
2024-06-26,2024-06-26,2.246168967899002,-0.7080362152540567
2024-06-27,2024-06-27,0.5202462086484485,-1.6082097114854461
2024-06-28,2024-06-28,3.497216166071907,-1.7330318964837865
2024-06-29,2024-06-29,1.394735354339323,-0.45927280767950623
2024-06-30,2024-06-30,-0.09619023075461475,0.7432120819831823
2024-07-01,2024-07-01,-0.31814625956315723,0.2600058128147945
2024-07-02,2024-07-02,1.2268784611316041,-2.2382278225118255
2024-07-03,2024-07-03,0.5124852821582526,-1.6666661280940138
2024-07-04,2024-07-04,1.4413741356651408,0.2545295501194824
2024-07-05,2024-07-05,1.1919217494420833,-1.6778240951886274
2024-07-06,2024-07-06,0.6370519796375561,-0.9289548937727408
2024-07-07,2024-07-07,-0.14582838130080722,-0.16314324353615794
2024-07-08,2024-07-08,-0.8229083557083184,-1.6903005488181597
2024-07-09,2024-07-09,0.236287965096168,-0.6252271056160287
2024-07-10,2024-07-10,1.5299577212103384,-2.0731590227810752
2024-07-11,2024-07-11,0.8783021049358182,-1.348915136379567
2024-07-12,2024-07-12,-0.5909860802722527,-0.4360612399920748
2024-07-13,2024-07-13,0.8183743617898758,-2.3570129939051383
2024-07-14,2024-07-14,1.0208494655732212,-0.33159971949968686
2024-07-15,2024-07-15,-0.2580872593493271,-0.7996452897643394
2024-07-16,2024-07-16,0.7696343595127076,-0.2353271508619389
2024-07-17,2024-07-17,0.6641595947095482,-0.5715879310209283
2024-07-18,2024-07-18,-0.5470736771967252,0.5610792756916188
2024-07-19,2024-07-19,0.943535437890123,-0.6852686741623846
2024-07-20,2024-07-20,1.1362913791381248,-1.2472024978418306
2024-07-21,2024-07-21,1.64822580994067,-0.7026738353071463
2024-07-22,2024-07-22,1.60855490641902,-0.28871715745522564
2024-07-23,2024-07-23,-0.8334260033255119,-0.7900673163142229
2024-07-24,2024-07-24,-0.4041772795130002,-0.8051151538776735
2024-07-25,2024-07-25,1.0380029854244626,-1.554344176923879
2024-07-26,2024-07-26,1.0259908788653234,-1.5217641847713739
2024-07-27,2024-07-27,1.0164087788936542,-2.2678434210045015
2024-07-28,2024-07-28,4.343169418571142,0.878100616800767
2024-07-29,2024-07-29,1.050327672981977,-2.121439447133863
2024-07-30,2024-07-30,1.6039261765132597,-1.5764426378663225
2024-07-31,2024-07-31,1.4112115661722817,-1.6077661337063276
2024-08-01,2024-08-01,1.0973779769908742,-0.00011519788602643022
2024-08-02,2024-08-02,0.11942383651405047,-1.195528339596246
2024-08-03,2024-08-03,1.182299876549802,0.34176682155329396
2024-08-04,2024-08-04,-0.360923966293579,-1.584719114632004
2024-08-05,2024-08-05,0.1635880594277952,-0.637343385674561
2024-08-06,2024-08-06,-0.09651481923771565,-1.7566486685155112
2024-08-07,2024-08-07,0.4591034036890928,1.2190292207669624
2024-08-08,2024-08-08,2.6802086784987282,-2.1183900797917747
2024-08-09,2024-08-09,-1.5134520734654093,-0.6254954270945153
2024-08-10,2024-08-10,1.0282803337001822,-0.3059157398538098
2024-08-11,2024-08-11,-1.2825428207888145,-0.5301213212221346
2024-08-12,2024-08-12,-0.15365815089712465,-1.1332865209069036
2024-08-13,2024-08-13,1.3952746165741499,-1.0817480052625525
2024-08-14,2024-08-14,0.358605874414745,-0.9118936556050071
2024-08-15,2024-08-15,-0.795463657455334,-1.1063337320658586
2024-08-16,2024-08-16,-0.445111988376186,0.0010725765357253447
2024-08-17,2024-08-17,0.9376573183635263,1.2443939943536035
2024-08-18,2024-08-18,-0.4844800459632861,-1.526790390673969
2024-08-19,2024-08-19,0.45013328554622767,-2.342117813604567
2024-08-20,2024-08-20,0.26699767222537335,-1.0634592634156268
2024-08-21,2024-08-21,-0.4424584146682492,1.6018240417800336
2024-08-22,2024-08-22,2.340769030793031,-1.7841132159310575
2024-08-23,2024-08-23,0.8183958291215038,0.6562799381300727
2024-08-24,2024-08-24,-1.8530431038934378,0.6926212396093292
2024-08-25,2024-08-25,0.34614924255697743,-1.5407546562698604
2024-08-26,2024-08-26,-0.5145213601482465,-0.42011397821668595
2024-08-27,2024-08-27,0.9872453148028086,0.6375254256226744
2024-08-28,2024-08-28,-0.6701832140542433,-1.371616295142622
2024-08-29,2024-08-29,-0.004892729924398834,-1.197529231541214
2024-08-30,2024-08-30,0.60231979734876,-1.576932832242743
2024-08-31,2024-08-31,0.950561118645631,-2.0111542192353933
2024-09-01,2024-09-01,-1.128030495135189,-1.6466629459889832
2024-09-02,2024-09-02,-0.274786770957738,-2.2221557658824174
2024-09-03,2024-09-03,-0.42779174180865,-0.9648041835301717
2024-09-04,2024-09-04,-0.6187440197618944,-1.769374983636033
2024-09-05,2024-09-05,1.7874656242073246,-0.7659718083483129
2024-09-06,2024-09-06,0.41441578318685257,-2.555851144354038
2024-09-07,2024-09-07,-1.2640286865427812,-0.6691148231029889
2024-09-08,2024-09-08,0.9021389079977356,-0.1663474237721937
2024-09-09,2024-09-09,2.093857338929516,-2.993335149689777
2024-09-10,2024-09-10,0.9915950611104354,-0.6251078944913457
2024-09-11,2024-09-11,-1.5728050399470705,0.22909766659448627
2024-09-12,2024-09-12,-0.5502255664928716,-2.207461204280236
2024-09-13,2024-09-13,1.1883736776209535,0.6756612245167714
2024-09-14,2024-09-14,-0.7987404883054212,-0.5768253905412944
2024-09-15,2024-09-15,0.3402292643139896,-1.6996319228982237
2024-09-16,2024-09-16,0.6585411393041071,-1.049007435399649
2024-09-17,2024-09-17,-1.0555077668599515,-0.43337257781695837
2024-09-18,2024-09-18,-0.20056668798671917,-0.9139983170093524
2024-09-19,2024-09-19,-3.3947503919652884,-0.4493952878648104
2024-09-20,2024-09-20,-1.1902881279030029,-1.9068160921920778
2024-09-21,2024-09-21,-0.4308598225511358,-0.8146168586354836
2024-09-22,2024-09-22,-1.4384378269979134,-2.3953716704270382
2024-09-23,2024-09-23,1.429423851904874,-1.0904074001821584
2024-09-24,2024-09-24,-1.6454295187057228,-1.880458211816639
2024-09-25,2024-09-25,-0.6675992515730659,-1.7092952269279333
2024-09-26,2024-09-26,-0.10904480621164428,0.26526725370810966
2024-09-27,2024-09-27,1.1892952276809907,0.12357717366077003
2024-09-28,2024-09-28,-1.6999930204960452,-0.35534872911933013
2024-09-29,2024-09-29,0.8869218677758858,-2.053400909076982
2024-09-30,2024-09-30,-0.2780761292526346,-1.2739458175319929
2024-10-01,2024-10-01,-1.281839528659701,0.25926261782244286
2024-10-02,2024-10-02,0.14979843003178162,-0.8082649595279825
2024-10-03,2024-10-03,-0.1251700999109005,1.3733511894259518
2024-10-04,2024-10-04,-0.9363201217010103,-0.5485073083948533
2024-10-05,2024-10-05,-0.2781214277042644,-0.7454738055307961
2024-10-06,2024-10-06,-0.7450023265062957,-1.2421888181851388
2024-10-07,2024-10-07,-0.2578796885563198,-0.7949332430963435
2024-10-08,2024-10-08,0.2790841019178793,-1.0761988676537666
2024-10-09,2024-10-09,1.1913813133959117,-0.2107290782876058
2024-10-10,2024-10-10,-1.643977489381321,0.04290122387073059
2024-10-11,2024-10-11,1.7154091624498002,-1.6946093025645317
2024-10-12,2024-10-12,-2.381108153584828,-2.2345277757505304
2024-10-13,2024-10-13,-0.5921337079702025,-2.7340322490022957
2024-10-14,2024-10-14,0.13671001010768175,-0.3842255414443603
2024-10-15,2024-10-15,-0.181802455232266,-1.9898322933999726
2024-10-16,2024-10-16,-1.0966077424110365,-3.033464835456298
2024-10-17,2024-10-17,-0.6930693870747625,-0.4859648618499303
2024-10-18,2024-10-18,-0.9889102533432218,1.6246252043384977
2024-10-19,2024-10-19,-1.0961577909124838,-0.8681386703159849
2024-10-20,2024-10-20,0.33200553655914644,-0.01713402684740495
2024-10-21,2024-10-21,-0.17130270278100374,-0.767217101571133
2024-10-22,2024-10-22,-1.23186581762087,-0.9412234293032046
2024-10-23,2024-10-23,0.35009089736244514,0.08358867157483185
2024-10-24,2024-10-24,-0.25267526526098555,-1.1187841934324938
2024-10-25,2024-10-25,0.2425101282610589,-0.5540080796727225
2024-10-26,2024-10-26,0.04898989249500696,-0.49246336360173937
2024-10-27,2024-10-27,-1.41982904592803,-1.4748835764933732
2024-10-28,2024-10-28,-1.161116674360092,0.19274493080369237
2024-10-29,2024-10-29,0.13635145657783931,-0.9666350001700943
2024-10-30,2024-10-30,-0.010481729409778318,-1.5396729626094108
2024-10-31,2024-10-31,-0.6515651990067052,-0.23954647994917555
2024-11-01,2024-11-01,-0.5230480433642438,-1.666530031962337
2024-11-02,2024-11-02,0.6276789727347785,-0.7317650906195694
2024-11-03,2024-11-03,-1.2510649623717256,-0.760829197762197
2024-11-04,2024-11-04,-0.12179949257430123,0.34254035310010766
2024-11-05,2024-11-05,-0.88038698824856,-0.26018437194132343
2024-11-06,2024-11-06,-0.9050656918563301,-0.7513206767353914
2024-11-07,2024-11-07,0.40231097393796855,0.1001763879604991
2024-11-08,2024-11-08,0.11997928184207696,0.6814349872624749
2024-11-09,2024-11-09,0.09921299957361784,-0.14203275833410334
2024-11-10,2024-11-10,0.58243562309282,-0.6804502130852306
2024-11-11,2024-11-11,-0.7106714844689189,-1.9934895292496928
2024-11-12,2024-11-12,-0.058238725406979275,-1.7375095673858456
2024-11-13,2024-11-13,-1.0588577049284464,-0.9682568242937545
2024-11-14,2024-11-14,-0.43270539951654946,-1.2630756275564625
2024-11-15,2024-11-15,-0.8951758518255744,-0.8309626218817145
2024-11-16,2024-11-16,-0.6760768283959993,-0.5776673901134208
2024-11-17,2024-11-17,-0.18583344220900355,-0.09485019008040851
2024-11-18,2024-11-18,-1.6070052506661034,-0.685168531813184
2024-11-19,2024-11-19,1.2959334161805316,-0.11819766134927395
2024-11-20,2024-11-20,-1.8100145118666422,-0.5301587614941669
2024-11-21,2024-11-21,-2.0256017992505972,-2.559939526236687
2024-11-22,2024-11-22,0.3394100191342402,-1.5135556573593787
2024-11-23,2024-11-23,-0.034196287000607284,-0.7079642652617933
2024-11-24,2024-11-24,-0.20876661658861828,-1.7631386773612663
2024-11-25,2024-11-25,-0.21143659119425973,0.057005140759704975
2024-11-26,2024-11-26,-0.8587916631769751,0.9984334940425051
2024-11-27,2024-11-27,-1.7504281046792243,0.6971349917784186
2024-11-28,2024-11-28,-0.7838630219870187,-0.7242967165516169
2024-11-29,2024-11-29,-1.5431871152965502,0.9907261368499516
2024-11-30,2024-11-30,0.10287353539826516,-0.34039958323360575
2024-12-01,2024-12-01,-1.025386360084907,-0.8151426679456759
2024-12-02,2024-12-02,-1.709769979801289,-1.0803733748600883
2024-12-03,2024-12-03,-1.211462512474899,-0.7582805245104303
2024-12-04,2024-12-04,-0.4828082694096307,-0.8327556612814822
2024-12-05,2024-12-05,-1.464985598349919,-0.2628602803123816
2024-12-06,2024-12-06,-1.7288601583433207,-0.26133162516065483
2024-12-07,2024-12-07,-0.6681878128231213,-0.40742193234769947
2024-12-08,2024-12-08,-0.6719994306872905,0.03797281843093331
2024-12-09,2024-12-09,-1.4288550650563547,0.803246652100648
2024-12-10,2024-12-10,-1.3977502110236077,0.5737815388085912
2024-12-11,2024-12-11,-0.6993153521022177,-1.8489840813261877
2024-12-12,2024-12-12,-2.383955647051136,-2.9062631554459197
2024-12-13,2024-12-13,-2.347693015086314,0.5937777333605996
2024-12-14,2024-12-14,-1.6628826266332646,-1.6955671503599905
2024-12-15,2024-12-15,-1.161945285271642,-0.541548120224327
2024-12-16,2024-12-16,-0.6415002172864466,-1.4749398869183135
2024-12-17,2024-12-17,0.5191894822103013,-2.094803208856571
2024-12-18,2024-12-18,-0.10211477115116963,0.2606903792386387
2024-12-19,2024-12-19,-1.1231687208573398,0.4904776596620522
2024-12-20,2024-12-20,-0.9855497854607301,-0.8330505407688846
2024-12-21,2024-12-21,-1.9722133962954964,-2.835404479784677
2024-12-22,2024-12-22,-0.9911941906955499,-0.7783900185775446
2024-12-23,2024-12-23,-1.264182811401977,0.17191178429496845
2024-12-24,2024-12-24,-0.6554943747951187,-1.6865156475829846
2024-12-25,2024-12-25,-1.8079778607723624,-0.011923167976514909
2024-12-26,2024-12-26,-0.46377920355453184,-0.1982410466453828
2024-12-27,2024-12-27,0.5473899525349614,0.408741137228598
2024-12-28,2024-12-28,-1.0961764419136464,-0.0385621730351883
2024-12-29,2024-12-29,-0.587615667554552,-1.1187786388477676
2024-12-30,2024-12-30,-0.300937954957907,1.0633177025188507
2024-12-31,2024-12-31,-1.3939001587693565,-0.2793063888851312
2025-01-01,2025-01-01,-0.7700278756795225,-0.13558526182039382
2025-01-02,2025-01-02,-0.9828113297522176,-1.0290354548062002
2025-01-03,2025-01-03,-0.8988535044015049,-0.5265213672586834
2025-01-04,2025-01-04,-1.7705075804499661,-0.955500279678896
2025-01-05,2025-01-05,-0.9737979840123254,-0.23109088883389922
2025-01-06,2025-01-06,-0.5009622685133777,1.6661255881067316
2025-01-07,2025-01-07,0.45168870996597243,-1.4049148856074705
2025-01-08,2025-01-08,-0.04052026817871923,-1.6340007674986532
2025-01-09,2025-01-09,1.1532133616438096,1.4633085650041395
2025-01-10,2025-01-10,-1.7673364373637637,-0.2046065885588348
2025-01-11,2025-01-11,-0.12752979023762223,-0.65177754535934
2025-01-12,2025-01-12,-0.8162117694834121,1.0697752488223287
2025-01-13,2025-01-13,1.1907039670129906,-0.5631743365407159
2025-01-14,2025-01-14,-1.8067843572256739,1.881014843131129
2025-01-15,2025-01-15,-1.8374370313770374,0.7454862239661473
2025-01-16,2025-01-16,-1.5961790856010565,-0.4078065224078959
2025-01-17,2025-01-17,-3.1195956960166447,2.2499449572875303
2025-01-18,2025-01-18,-1.5202109774360386,-0.5005609784132405
2025-01-19,2025-01-19,-1.7521872506940657,0.8597498788811451
2025-01-20,2025-01-20,-0.8411023071211773,0.42942903333619903
2025-01-21,2025-01-21,-0.6480247399466241,1.4443390971705683
2025-01-22,2025-01-22,0.8882621122757081,1.7165477963910498
2025-01-23,2025-01-23,-0.03545658526134565,0.19945500950901207
2025-01-24,2025-01-24,-1.5605997818420134,-0.5735792445195045
2025-01-25,2025-01-25,-1.8797708521019176,0.6521700786636884
2025-01-26,2025-01-26,-0.48694178590735576,-0.47318853520265536
2025-01-27,2025-01-27,-2.296444057995072,2.230210619052342
2025-01-28,2025-01-28,0.858052485098351,0.36562093208106716
2025-01-29,2025-01-29,0.20899243020148994,-0.12400996857146976
2025-01-30,2025-01-30,-1.436511200501995,0.43817968812631275
2025-01-31,2025-01-31,-2.6772048759070284,-1.0814792184188207
2025-02-01,2025-02-01,0.39321977174309164,-0.6938613113247215
2025-02-02,2025-02-02,-1.071622701250889,1.490228342978626
2025-02-03,2025-02-03,0.28445463959603223,-0.35506399281423967
2025-02-04,2025-02-04,-2.5439172991491805,-0.7331126033698616
2025-02-05,2025-02-05,-1.5448423955476365,0.8623695733401759
2025-02-06,2025-02-06,-0.9360518058113204,1.5232878794927884
2025-02-07,2025-02-07,-0.8899941055026963,1.0683505243527167
2025-02-08,2025-02-08,-1.3825711089589512,1.3572031039689174
2025-02-09,2025-02-09,-0.3050390949490107,-0.38393861078915237
2025-02-10,2025-02-10,-1.9907460285769067,-1.037312125636495
2025-02-11,2025-02-11,-1.0605955919015675,1.8974134179946431
2025-02-12,2025-02-12,-0.7928656954610847,0.08491848126686008
2025-02-13,2025-02-13,-0.39352322582079735,0.1682193643033621
2025-02-14,2025-02-14,-0.1910042495801445,1.7586342774846555
2025-02-15,2025-02-15,-2.0217754677801834,0.9979897922808425
2025-02-16,2025-02-16,-2.4256198434339065,0.908897303489921
2025-02-17,2025-02-17,0.3919399135019793,2.6291899460971493
2025-02-18,2025-02-18,-0.5475139838368381,-0.1682260068190538
2025-02-19,2025-02-19,-1.6222664064692824,1.414161769523703
2025-02-20,2025-02-20,0.6835584878549211,0.5542872345758078
2025-02-21,2025-02-21,-0.7455951936463723,0.776740174147226
2025-02-22,2025-02-22,0.32448729275690036,2.047409704134627
2025-02-23,2025-02-23,-0.7806962185026936,1.037488305468644
2025-02-24,2025-02-24,1.2192626275819367,1.0785760938825395
2025-02-25,2025-02-25,0.9207180941953869,1.623329330432136
2025-02-26,2025-02-26,-1.076592287081805,0.19632408646947935
2025-02-27,2025-02-27,0.15106837584726762,-0.26756683808052817
2025-02-28,2025-02-28,-0.16787123563858586,-0.462890801352719
2025-03-01,2025-03-01,0.5627684405746791,-1.3742547090148012
2025-03-02,2025-03-02,-1.763274999254511,2.658398810965731
2025-03-03,2025-03-03,-0.10466217891665497,-0.4910221675485702
2025-03-04,2025-03-04,0.2754738606411241,0.4008302268072233
2025-03-05,2025-03-05,-2.533803215302716,0.3550697717115513
2025-03-06,2025-03-06,-1.950312707521374,0.9489890090945889
2025-03-07,2025-03-07,-2.7981554692281896,1.4669172472971521
2025-03-08,2025-03-08,-1.0200791396972824,1.5211482117498265
2025-03-09,2025-03-09,-0.024760285949647298,0.08698743628871852
2025-03-10,2025-03-10,0.7685417268193001,0.5122272895903579
2025-03-11,2025-03-11,-0.6511172183406224,0.9711055904276914
2025-03-12,2025-03-12,0.9121216220885082,0.44890220636217537
2025-03-13,2025-03-13,-2.0877639371013963,2.3138962224539243
2025-03-14,2025-03-14,-2.4021015017075227,1.2063711159454327
2025-03-15,2025-03-15,-0.7452127878748813,1.459006272607697
2025-03-16,2025-03-16,-0.29643654241594586,1.395627500156552
2025-03-17,2025-03-17,-0.7039259674349966,1.9147218930187244
2025-03-18,2025-03-18,-2.7292963398697445,0.9306541121718893
2025-03-19,2025-03-19,-0.7414925760345796,-0.5389334893269058
2025-03-20,2025-03-20,-1.947257110191393,1.1657323948716194
2025-03-21,2025-03-21,0.03657157290321689,0.12271232422456135
2025-03-22,2025-03-22,-0.25671592184136877,0.2533548318282559
2025-03-23,2025-03-23,-1.5533085205940176,1.376114098195419
2025-03-24,2025-03-24,-1.1173131564001202,2.0356867562509344
2025-03-25,2025-03-25,-1.6525817837265726,0.8262026954311961
2025-03-26,2025-03-26,-0.6458754944794458,1.1211642026228492
2025-03-27,2025-03-27,0.3822100658592177,2.521817672541149
2025-03-28,2025-03-28,-1.5483035045539815,1.0674977612697143
2025-03-29,2025-03-29,-0.048087130835226644,3.435438735789546
2025-03-30,2025-03-30,-1.0718600899206319,1.4061443836794618
2025-03-31,2025-03-31,-1.3238584323916647,-0.9133819165264216
2025-04-01,2025-04-01,-0.627315071936137,1.607334489036253
2025-04-02,2025-04-02,-1.5447438227032475,1.2416281526308852
2025-04-03,2025-04-03,-1.052286976588174,2.156563271335138
2025-04-04,2025-04-04,-1.6855728364024833,1.5461954644311464
2025-04-05,2025-04-05,1.4880500834699613,0.7406235899088548
2025-04-06,2025-04-06,-0.4303161798222291,-0.3392922965676787
2025-04-07,2025-04-07,-1.1541362544374636,0.6817690156460028
2025-04-08,2025-04-08,-0.22918994990990477,0.04591720375508124
2025-04-09,2025-04-09,-0.544186902704128,0.3214177517566865
2025-04-10,2025-04-10,-0.6414491128024382,1.4958804373296535
2025-04-11,2025-04-11,0.2051330581026784,2.582423808125682
2025-04-12,2025-04-12,0.3599846599633912,1.3122637184623471
2025-04-13,2025-04-13,-0.9164507066058565,-0.27336317720271575
2025-04-14,2025-04-14,-0.9501332405686992,1.371904280874773
2025-04-15,2025-04-15,-0.6376729109333112,2.128568102148825
2025-04-16,2025-04-16,-2.652791215586916,0.32664125567200997
2025-04-17,2025-04-17,-1.854254432693228,0.8067463693916932
2025-04-18,2025-04-18,1.0396712265867525,0.9596422518417252
2025-04-19,2025-04-19,1.3296767749257805,0.1640967469956185
2025-04-20,2025-04-20,-0.5523649880310056,1.6011663394051054
2025-04-21,2025-04-21,0.28523799978021847,0.835677829314656
2025-04-22,2025-04-22,0.03198727125070522,1.379747129284717
2025-04-23,2025-04-23,2.8117181923207153,0.0761592822913083
2025-04-24,2025-04-24,0.8645548350342653,0.5294774579525876
2025-04-25,2025-04-25,-0.3707547768593539,1.692448418085672
2025-04-26,2025-04-26,-1.1861563113428661,0.6002117184880569
2025-04-27,2025-04-27,-1.8248043865022183,2.702832569302541
2025-04-28,2025-04-28,-0.0026020755444698673,0.5789019702998172
2025-04-29,2025-04-29,-0.9500914965212015,1.205737487488054
2025-04-30,2025-04-30,-1.6036388454703259,1.9160029695267085
2025-05-01,2025-05-01,-0.8155737045643763,-0.43274982258532335
2025-05-02,2025-05-02,-1.2381377677429533,-0.7731450808606327
2025-05-03,2025-05-03,1.5429877040046056,-0.5361010386215229
2025-05-04,2025-05-04,0.7499444681138261,2.2538743489650375
2025-05-05,2025-05-05,-0.1271884500527916,0.441010219474977
2025-05-06,2025-05-06,1.373226673518666,3.552488671402965
2025-05-07,2025-05-07,-0.01683392868000899,0.4313054831372859
2025-05-08,2025-05-08,-0.9429563031914705,1.1812105567923898
2025-05-09,2025-05-09,1.4539950326748725,2.5397176786773983
2025-05-10,2025-05-10,0.4823349945008659,3.004491237421506
2025-05-11,2025-05-11,-1.0812582563488384,3.0605345745917023
2025-05-12,2025-05-12,-0.2217808690027293,2.207871802678764
2025-05-13,2025-05-13,-0.8944855581692248,2.0238845223739355
2025-05-14,2025-05-14,-1.3890891642804044,1.5925071705198663
2025-05-15,2025-05-15,0.9324669808477084,1.778341297485321
2025-05-16,2025-05-16,1.9282839452545968,0.44863628023393975
2025-05-17,2025-05-17,-1.3671253829000214,0.18130668866331434
2025-05-18,2025-05-18,0.6069813387129516,0.9956565405443524
2025-05-19,2025-05-19,-0.5940675199380356,0.8282137267374547
2025-05-20,2025-05-20,-0.4179963391699126,0.5443796767822475
2025-05-21,2025-05-21,-0.5107218223756628,1.6930467010520682
2025-05-22,2025-05-22,-0.7697885333521901,1.9508582903651854
2025-05-23,2025-05-23,0.15523909331618552,1.0826962720265605
2025-05-24,2025-05-24,-0.7117343076748649,2.470398446422686
2025-05-25,2025-05-25,0.40215211461546185,-0.15039886859564955
2025-05-26,2025-05-26,0.09391582161882073,0.7958958166688539
2025-05-27,2025-05-27,-0.08235828273785273,0.27084141051733845
2025-05-28,2025-05-28,-0.7385628417197496,-0.8809207067253514
2025-05-29,2025-05-29,-0.3953861946956825,0.9007314518109196
2025-05-30,2025-05-30,0.9491319770626527,0.8593052533528848
2025-05-31,2025-05-31,0.7069828990360724,2.491987899156551
2025-06-01,2025-06-01,-0.7591971785539067,1.6066804026239139
2025-06-02,2025-06-02,0.329948176171665,-0.0511419537493808
2025-06-03,2025-06-03,0.9942243087503759,2.824159626592089
2025-06-04,2025-06-04,-1.4143852047210617,2.1879694538013514
2025-06-05,2025-06-05,0.810522808514456,1.5457491635620246
2025-06-06,2025-06-06,-0.3833608756530171,0.7337305865278577
2025-06-07,2025-06-07,0.8619176318687061,-0.0028132588010417736
2025-06-08,2025-06-08,-0.4599302080678908,0.580679129490194
2025-06-09,2025-06-09,-1.4895911620890172,2.0377436797820447
2025-06-10,2025-06-10,-1.3003393970253918,2.829540363047138
2025-06-11,2025-06-11,0.38714831715605647,2.4840070643368004
2025-06-12,2025-06-12,0.6105925525728115,0.4475747382051185
2025-06-13,2025-06-13,-0.5416954113227426,-0.1876808177858369
2025-06-14,2025-06-14,1.0129074587013918,1.0681878595658367
2025-06-15,2025-06-15,-1.2755705032736322,-0.8459194807303825
2025-06-16,2025-06-16,0.3314432514365961,1.240759902824148
2025-06-17,2025-06-17,-0.8019825578217111,0.7649167174756075
2025-06-18,2025-06-18,-0.23135659453294527,0.4412655310408023
2025-06-19,2025-06-19,0.4792575243297109,-0.6927618657053857
2025-06-20,2025-06-20,-0.41724350463982685,1.4100377645340987
2025-06-21,2025-06-21,0.06985520221505148,0.3580914332701173
2025-06-22,2025-06-22,1.471872541008397,-0.2849108959886003
2025-06-23,2025-06-23,-0.100216820076722,-1.99318263938902
2025-06-24,2025-06-24,1.3233870558787757,0.8454992081105523
2025-06-25,2025-06-25,-0.6310691834166274,2.6390621139221375
2025-06-26,2025-06-26,1.0393056781991552,2.5217289822959783
2025-06-27,2025-06-27,1.9618533326394783,0.3968966113454495
2025-06-28,2025-06-28,-1.94065889999797,0.2451687822676163
2025-06-29,2025-06-29,-0.25529278392228705,1.309408994122942
2025-06-30,2025-06-30,1.1292057735336098,-0.16462981757913964
2025-07-01,2025-07-01,0.3595320721754439,1.1285364816006127
2025-07-02,2025-07-02,0.9440781280133284,1.5856830062906022
2025-07-03,2025-07-03,-0.020788789509547767,2.039264413908194
2025-07-04,2025-07-04,0.6799580493105197,0.7047770422151824
2025-07-05,2025-07-05,0.4477690036713461,0.5937299346403335
2025-07-06,2025-07-06,1.7812107959264685,-0.08823250731623455
2025-07-07,2025-07-07,0.8777350112394291,-0.04490884046184651
2025-07-08,2025-07-08,0.9707036380020228,0.5475903261148645
2025-07-09,2025-07-09,0.2309106435640711,1.1334099499351566
2025-07-10,2025-07-10,0.16476631244929651,1.671483084862191
2025-07-11,2025-07-11,0.2292960520102469,-0.053546397212162145
2025-07-12,2025-07-12,1.0656833617191994,2.2339366044929223
2025-07-13,2025-07-13,0.25951751053498917,0.4616226304465713
2025-07-14,2025-07-14,0.9794399458746744,0.7027611922094443
2025-07-15,2025-07-15,2.7741198609978057,-0.031815514840641046
2025-07-16,2025-07-16,1.5787871823181963,-1.7176896138390088
2025-07-17,2025-07-17,0.3904703913149416,1.581638728906773
2025-07-18,2025-07-18,1.9264259209243417,1.425369537031826
2025-07-19,2025-07-19,0.3257399522551757,0.398021446258557
2025-07-20,2025-07-20,-1.295821993432245,0.7370555920825299
2025-07-21,2025-07-21,-0.2574140056646804,1.1766139410941818
2025-07-22,2025-07-22,-1.1118686295577676,-0.9113658221286861
2025-07-23,2025-07-23,0.41554071081428934,0.11252963393919435
2025-07-24,2025-07-24,0.7934821080691531,1.4261477512222995
2025-07-25,2025-07-25,2.4593879384837454,-0.632205572776253
2025-07-26,2025-07-26,1.1176410126792562,0.9057441303397433
2025-07-27,2025-07-27,0.5792510098655413,-0.7543901235979951
2025-07-28,2025-07-28,1.635268698141158,1.058531862794728
2025-07-29,2025-07-29,-1.3978881237841527,0.5462769103708321
2025-07-30,2025-07-30,1.056117133215653,-1.0434889866470303
2025-07-31,2025-07-31,1.5984933324896975,1.7260161704695371
2025-08-01,2025-08-01,-0.6439634975320248,-0.1837695836757145
2025-08-02,2025-08-02,1.9852393405069786,-0.2699724221814732
2025-08-03,2025-08-03,1.1867111074072159,0.7302217464099643
2025-08-04,2025-08-04,0.43952197740612414,1.667578627150812
2025-08-05,2025-08-05,1.494051694045515,-0.5076739236944267
2025-08-06,2025-08-06,3.138286345471997,0.5589539595266961
2025-08-07,2025-08-07,1.0556461249712235,0.9151381417730401
2025-08-08,2025-08-08,1.1280485821167652,1.1683978308242344
2025-08-09,2025-08-09,0.42637600885628496,0.6406291564732918
2025-08-10,2025-08-10,0.04166130323349182,0.08598169232499236
2025-08-11,2025-08-11,1.7274691924865593,-0.38583043776853587
2025-08-12,2025-08-12,0.0465353017601664,0.5165840186819736
2025-08-13,2025-08-13,0.9795282970989383,-0.6530866312271961
2025-08-14,2025-08-14,0.43550388040786625,-2.51375216338561
2025-08-15,2025-08-15,1.3971959326266656,0.8326395701968256
2025-08-16,2025-08-16,1.25678770448126,1.2884333821915455
2025-08-17,2025-08-17,1.9654289715544082,-1.9900759577615288
2025-08-18,2025-08-18,0.42248923862496,-0.6485752865468353
2025-08-19,2025-08-19,0.6670997639740667,0.9685514746928491
2025-08-20,2025-08-20,-0.037468210252804224,2.3950791945414913
2025-08-21,2025-08-21,0.5011741125177517,0.34651052848829894
2025-08-22,2025-08-22,1.3267901333996655,-0.41420456191705524
2025-08-23,2025-08-23,1.7103502890227809,0.11893384505231724
2025-08-24,2025-08-24,0.034917531820645165,1.6646908541823868
2025-08-25,2025-08-25,1.830258522527981,-0.36821145193860394
2025-08-26,2025-08-26,2.3197082056211014,-0.5335449355393764
2025-08-27,2025-08-27,1.3807704516209909,-0.22924413992062675
2025-08-28,2025-08-28,2.8472435030778627,-0.7120170255180721
2025-08-29,2025-08-29,0.19961708165242942,0.3517559169931266
2025-08-30,2025-08-30,-0.26844385233698775,1.841501829995281
2025-08-31,2025-08-31,-0.7998592914904172,0.5276061076654803
2025-09-01,2025-09-01,2.4774004922427424,-0.060155566401714294
2025-09-02,2025-09-02,1.6380617825336676,-0.11197264308886376
2025-09-03,2025-09-03,0.9302957525369406,-1.3957399482534103
2025-09-04,2025-09-04,1.2678773532599983,1.0381463768113575
2025-09-05,2025-09-05,-0.13570833157459317,0.06476061075896952
2025-09-06,2025-09-06,3.437248073214211,-0.05034346066091719
2025-09-07,2025-09-07,1.122275771115595,3.3107620747167004
2025-09-08,2025-09-08,1.1038507503601704,0.40390685295578543
2025-09-09,2025-09-09,1.7214665956055295,-0.659154306073156
2025-09-10,2025-09-10,1.4777956718937475,-0.34625271046773515
2025-09-11,2025-09-11,1.2215992134753928,1.2160060618236344
2025-09-12,2025-09-12,0.2080116164252105,0.16827554012195875
2025-09-13,2025-09-13,1.470567323340677,-1.395836775121218
2025-09-14,2025-09-14,2.8815782716967977,0.9490994960014572
2025-09-15,2025-09-15,2.345270473113278,-0.650848892238416
2025-09-16,2025-09-16,2.593175501115111,1.8780148648105783
2025-09-17,2025-09-17,0.4887534194365618,1.072186303225181
2025-09-18,2025-09-18,0.01018627400534533,-0.467761265280662
2025-09-19,2025-09-19,0.8736679777294212,1.2480026190590001
2025-09-20,2025-09-20,1.054685472047522,0.02227261849179294
2025-09-21,2025-09-21,2.092499676742217,0.7946288462117446
2025-09-22,2025-09-22,-0.6949668331203196,0.4140352516424811
2025-09-23,2025-09-23,2.5260799224109505,-0.9295957710580453
2025-09-24,2025-09-24,0.8373958319550232,-0.7393173280504648
2025-09-25,2025-09-25,0.5672392875425194,0.9216800952707006
2025-09-26,2025-09-26,-0.019424688376647237,-0.45555214796470156
2025-09-27,2025-09-27,-0.6637747251967496,-0.5369022623876359
2025-09-28,2025-09-28,1.8124979736154083,-1.1008322773155639
2025-09-29,2025-09-29,1.060734260645193,0.26545652414412174
2025-09-30,2025-09-30,-0.3046119392734372,1.8919745568706559
2025-10-01,2025-10-01,-0.31195305426791153,-1.250464111726658
2025-10-02,2025-10-02,0.6449622179299116,-0.17106363108291112
2025-10-03,2025-10-03,2.6472344604226015,1.2046164766065741
2025-10-04,2025-10-04,0.7159328211182341,-0.29953361235329184
2025-10-05,2025-10-05,-0.5304618984149461,0.22022622592467248
2025-10-06,2025-10-06,0.7239409675717436,-1.3067557157866456
2025-10-07,2025-10-07,0.693810007810371,0.17176695716548385
2025-10-08,2025-10-08,-1.7336564520476587,-0.4558217656451421
2025-10-09,2025-10-09,0.905479527835377,0.7049576467137141
2025-10-10,2025-10-10,0.7252322045305735,0.8945632802882022
2025-10-11,2025-10-11,1.64861414769787,2.284736781159661
2025-10-12,2025-10-12,2.797454228505141,0.26285045488193437
2025-10-13,2025-10-13,2.0710034349285866,-0.002892135362401682
2025-10-14,2025-10-14,0.671340550154929,-0.146157876301336
2025-10-15,2025-10-15,-0.17065460318785797,-0.7055083133546518
2025-10-16,2025-10-16,3.5047250927097147,-0.025602269414592593
2025-10-17,2025-10-17,0.9859303394197736,-0.6711740067717606
2025-10-18,2025-10-18,0.9358411815981714,-0.21893864641607855
2025-10-19,2025-10-19,0.8928409146860106,0.9186321842925445
2025-10-20,2025-10-20,1.1099597850828888,-1.4170105177807546
2025-10-21,2025-10-21,0.7622793508529474,0.7179729549185272
2025-10-22,2025-10-22,0.3275990386657086,0.8838385646519972
2025-10-23,2025-10-23,0.34888078244486387,-0.5626473697313301
2025-10-24,2025-10-24,0.8573234006059078,-2.577665737030895
2025-10-25,2025-10-25,0.34084801187501357,-1.074792698413579
2025-10-26,2025-10-26,0.16548319590560467,0.8189378497334738
2025-10-27,2025-10-27,0.9786764257113839,-0.5119351027345975
2025-10-28,2025-10-28,0.6110481863635839,-1.49930223229491
2025-10-29,2025-10-29,2.363660568763434,-1.015628766849626
2025-10-30,2025-10-30,-1.7977960751996185,0.31899316658565613
2025-10-31,2025-10-31,1.9380517422525223,0.014416229900187427
2025-11-01,2025-11-01,2.0858672929561695,-0.7818556884061927
2025-11-02,2025-11-02,-1.2405037987673757,-0.9202683463348458
2025-11-03,2025-11-03,0.48317138688319516,-0.9556348585839987
2025-11-04,2025-11-04,0.44725998837003694,-1.4966304480391257
2025-11-05,2025-11-05,-0.5960985082549546,1.030902729586628
2025-11-06,2025-11-06,0.026180442776065682,-0.916953645515626
2025-11-07,2025-11-07,-0.3141219859608987,0.6124592156500224
2025-11-08,2025-11-08,2.5410550108562546,0.9066462981683596
2025-11-09,2025-11-09,1.7166688607933795,0.37376795371082283
2025-11-10,2025-11-10,2.044627888382877,-1.0659376277285753
2025-11-11,2025-11-11,1.4867048615011251,-0.2402612285596588
2025-11-12,2025-11-12,-0.37218001921223676,-0.6777590317880945
2025-11-13,2025-11-13,0.22407068205521707,-1.5667339806692147
2025-11-14,2025-11-14,1.2295662579298625,-0.3480366225888686
2025-11-15,2025-11-15,-0.49045248279026676,-1.860693088059335
2025-11-16,2025-11-16,1.4360416142338983,0.49687655553295373
2025-11-17,2025-11-17,0.4739712382688863,-1.164460361984358
2025-11-18,2025-11-18,0.3306162595963567,-0.5076129058819978
2025-11-19,2025-11-19,1.4074258462527136,-0.43430203969364517
2025-11-20,2025-11-20,1.1316478001151513,-0.9851986916943232
2025-11-21,2025-11-21,0.3172281699955871,-0.1481888033460006
2025-11-22,2025-11-22,1.8282266771085889,-1.2182588693539933
2025-11-23,2025-11-23,-0.42156975406400066,0.11958709633925158
2025-11-24,2025-11-24,1.2659215299979105,-2.105925928235446
2025-11-25,2025-11-25,1.2334766846414107,-0.6416824706248871
2025-11-26,2025-11-26,0.3211171657285672,1.162872675538706
2025-11-27,2025-11-27,0.9469850170853626,-1.7842591277221396
2025-11-28,2025-11-28,-0.6401714278398797,-1.4694202139995367
2025-11-29,2025-11-29,1.5249626533700251,-0.28538956907391433
2025-11-30,2025-11-30,0.4059318985629695,-0.627211340910726
2025-12-01,2025-12-01,0.057915928909567316,-0.4635310705241927
2025-12-02,2025-12-02,1.6193612164147912,-0.3322132635969614
2025-12-03,2025-12-03,-0.14436890440516248,-0.19378818068207126
2025-12-04,2025-12-04,-0.8589523182927529,0.27421203054328724
2025-12-05,2025-12-05,-1.0176729511636873,-0.4325151191835492
2025-12-06,2025-12-06,1.134328140091692,-1.0903041147372399
2025-12-07,2025-12-07,-0.7628327920344045,-0.1830511000963152
2025-12-08,2025-12-08,2.261587215952638,1.0378141761191246
2025-12-09,2025-12-09,-1.5860200891993324,-1.001008059476866
2025-12-10,2025-12-10,2.181403505007527,-1.8490727710515351
2025-12-11,2025-12-11,0.684925689793062,0.22650642678315835
2025-12-12,2025-12-12,0.3660812110969079,-1.0068468511796962
2025-12-13,2025-12-13,-0.09331189043205412,-3.06488641437094
2025-12-14,2025-12-14,0.8394847272866917,-0.05040519874857685
2025-12-15,2025-12-15,0.3913856516374788,-1.4386230081466747
2025-12-16,2025-12-16,1.52092609422299,-0.999153124360742
2025-12-17,2025-12-17,0.5203896392165129,-0.5818207623548384
2025-12-18,2025-12-18,0.5449372642113185,-0.7283380751971296
2025-12-19,2025-12-19,0.019434360389312788,-0.21427721413418266
2025-12-20,2025-12-20,0.3144514100865009,-1.3639605184484689
2025-12-21,2025-12-21,0.667490498536596,-0.4199665558065542
2025-12-22,2025-12-22,-1.3622448799623412,-1.1970695996047445
2025-12-23,2025-12-23,-1.0120821775634956,-0.20301466690172143
2025-12-24,2025-12-24,1.0674938895070865,-0.3306108665426888
2025-12-25,2025-12-25,0.4831704823594327,-1.885420575212482
2025-12-26,2025-12-26,0.11634754125907196,0.1321470340182921
2025-12-27,2025-12-27,0.3067431233376165,-1.4935008129512384
2025-12-28,2025-12-28,0.6238235897407463,-0.1530303461232574
2025-12-29,2025-12-29,-0.2756288109927535,-0.5971995366251659
2025-12-30,2025-12-30,-0.5263266640171866,0.8704507298616239
2025-12-31,2025-12-31,0.4356306385954176,-1.1942919038741797
2026-01-01,2026-01-01,-0.7508180127389487,-1.323082080456364
2026-01-02,2026-01-02,0.6235408964595625,-0.9959701762395818
2026-01-03,2026-01-03,-1.499596152211078,-1.282361121667733
2026-01-04,2026-01-04,1.2198102823587087,-0.181715271580008
2026-01-05,2026-01-05,0.6508891535710203,-2.600288291108149
2026-01-06,2026-01-06,0.4219302208825896,-2.0398249182590655
2026-01-07,2026-01-07,1.1361740358417316,-2.0559542018903727
2026-01-08,2026-01-08,1.8065157763874966,-0.039696116448187935
2026-01-09,2026-01-09,1.1429473603000007,0.7189138822432447
2026-01-10,2026-01-10,-1.7247813172064141,-1.0976875762794145
2026-01-11,2026-01-11,-1.1759868029034604,-1.1634417903298253
2026-01-12,2026-01-12,-0.533747555009037,-0.9257922367941581
2026-01-13,2026-01-13,0.10462852177650354,0.16496714028725845
2026-01-14,2026-01-14,0.5836505140957446,-1.9251733197796046
2026-01-15,2026-01-15,-0.6723087391604079,-0.7602023431440208
2026-01-16,2026-01-16,0.22763696391779115,-0.02396683455648796
2026-01-17,2026-01-17,-0.727084074270204,-0.49850533717847634
2026-01-18,2026-01-18,-0.5957947639349058,-0.8102947687823749
2026-01-19,2026-01-19,-1.4035163646404853,0.0010510372496953524
2026-01-20,2026-01-20,-0.9326673183367995,-3.7031877911496482
2026-01-21,2026-01-21,-1.3736959895425604,-0.321882400608153
2026-01-22,2026-01-22,-1.0104584657891484,-1.6534774357048152
2026-01-23,2026-01-23,1.0064882272555347,-2.8295205486458546
2026-01-24,2026-01-24,-1.009113353715151,-0.48701289959518024
2026-01-25,2026-01-25,2.560116152916805,0.3762731442399815
2026-01-26,2026-01-26,0.40851197640538023,-1.1338460031702184
2026-01-27,2026-01-27,0.0875036053265724,-0.042377371091160354
2026-01-28,2026-01-28,-0.9682014917237133,0.6183293865497932
2026-01-29,2026-01-29,0.5779723550305355,0.3224258994289122
2026-01-30,2026-01-30,-0.7104498062443577,0.6490933318655292
2026-01-31,2026-01-31,-0.025255289974778314,-0.2469695663300694
2026-02-01,2026-02-01,2.4003896104812457,-0.911732775660273
2026-02-02,2026-02-02,-0.2681593824888173,-2.5870453863642804
2026-02-03,2026-02-03,0.9647965194821841,-1.2288993554439434
2026-02-04,2026-02-04,-0.9000013665935911,-1.8236852432775188
2026-02-05,2026-02-05,-0.2441304234345282,1.1930574216235286
2026-02-06,2026-02-06,1.5493748033139525,-1.1510630274967093
2026-02-07,2026-02-07,-0.8606417537520188,-0.8491100272410036
2026-02-08,2026-02-08,1.5665619722430786,-0.417813229625668
2026-02-09,2026-02-09,0.4496923660266263,-0.9225265608652946
2026-02-10,2026-02-10,-0.8326584967780495,0.7322445001715686
2026-02-11,2026-02-11,0.35012661858155053,-1.5819810921718225
2026-02-12,2026-02-12,0.6782285943074485,-0.7610976723468743
2026-02-13,2026-02-13,0.31548594261041435,-1.694397891227175
2026-02-14,2026-02-14,-1.8884984347827642,-2.2680213732499013
2026-02-15,2026-02-15,-1.057310226225704,-1.555689509578919
2026-02-16,2026-02-16,-0.5895387788771728,-0.9767294178343207
2026-02-17,2026-02-17,-0.42824654822638336,-1.3646183618388035
2026-02-18,2026-02-18,0.2551219857254598,-1.6232126406361185
2026-02-19,2026-02-19,-0.19952826336951432,-2.3324373706782606
2026-02-20,2026-02-20,-1.724193087301488,-1.0044071878844492
2026-02-21,2026-02-21,-0.02020881516184042,-2.4210579219293655
2026-02-22,2026-02-22,0.19868449703983154,-0.15117252669853365
2026-02-23,2026-02-23,0.13645979187450574,-0.8235354981859369
2026-02-24,2026-02-24,0.6460876444002274,-2.3581301607691496
2026-02-25,2026-02-25,0.38793542886382854,-1.2042486518803317
2026-02-26,2026-02-26,0.0019702765493588847,-1.641515273727714
2026-02-27,2026-02-27,-0.538526247791307,-0.5643629296512351
2026-02-28,2026-02-28,-2.1403980958048,0.4628742342805662
2026-03-01,2026-03-01,-0.06081970878383397,-2.7466485960319176
2026-03-02,2026-03-02,-0.2936734054244933,-0.750212070057392
2026-03-03,2026-03-03,-0.24062609075774,-1.018996062787067
2026-03-04,2026-03-04,-1.7997162940361102,-0.18101241266665935
2026-03-05,2026-03-05,-1.6147043008103839,-0.6325102168438675
2026-03-06,2026-03-06,0.5089094887013247,-1.5908967183787466
2026-03-07,2026-03-07,-0.5943080082407712,-1.1510691221582325
2026-03-08,2026-03-08,0.11632613060723196,-1.6209971951429194
2026-03-09,2026-03-09,-0.5471884766394277,0.25821018188201983
2026-03-10,2026-03-10,-0.5559919380460937,-0.7891815281383502
2026-03-11,2026-03-11,0.3423871853421012,1.0981295314707809
2026-03-12,2026-03-12,-1.1219956044809214,-0.8561628789002111
2026-03-13,2026-03-13,-0.5197884766261949,-1.4962238721895504
2026-03-14,2026-03-14,-1.0880454655568477,-2.2937218834504858
2026-03-15,2026-03-15,-1.0700283132766983,-2.5752141337160324
2026-03-16,2026-03-16,-0.9543655594073321,-2.3481552033789597
2026-03-17,2026-03-17,-0.43261892680602065,-0.4887165231231299
2026-03-18,2026-03-18,-1.1429569824690904,-0.23882246919842043
2026-03-19,2026-03-19,0.5821971986866551,-2.3203242298950046
2026-03-20,2026-03-20,-1.577410219382692,0.16443570231412585
2026-03-21,2026-03-21,-0.8788105131389049,-1.2050171456379641
2026-03-22,2026-03-22,-1.1406963950417714,-0.5664023305751618
2026-03-23,2026-03-23,0.7370969920593047,0.9078988844797076
2026-03-24,2026-03-24,-0.5221293483569627,0.20150261421521287
2026-03-25,2026-03-25,0.3044708978955867,-0.9547722857745664
2026-03-26,2026-03-26,-2.2215084405210743,-1.568230216938965
2026-03-27,2026-03-27,-0.47735578001915957,-2.819542620217954
2026-03-28,2026-03-28,0.13688455712548342,-1.3774641124299403
2026-03-29,2026-03-29,-0.6786833363862428,-0.8599204431891124
2026-03-30,2026-03-30,0.2964123684910357,-1.6263464859841705
2026-03-31,2026-03-31,-1.2943354495826598,-0.7606995463603214
2026-04-01,2026-04-01,0.6244443982991756,-0.5427667213757608
2026-04-02,2026-04-02,1.5062632328775662,-0.8345525702673865
2026-04-03,2026-04-03,-1.1630798830936908,-1.249680682405405
2026-04-04,2026-04-04,-1.2532236554745777,-0.42091005693971295
2026-04-05,2026-04-05,0.638311335631439,-0.13741742108095845
2026-04-06,2026-04-06,0.7572759641319038,-1.6594588192345312
2026-04-07,2026-04-07,-1.3522491386783506,0.8522610079330774
2026-04-08,2026-04-08,-1.2565376260616326,-0.646782736728973
2026-04-09,2026-04-09,-1.1249647812467292,-0.5187814744581403
2026-04-10,2026-04-10,-2.1943266322249624,0.18123190112714593
2026-04-11,2026-04-11,-1.7750895423775437,-0.283034432262028
2026-04-12,2026-04-12,-1.867004325037998,0.4476997142267789
2026-04-13,2026-04-13,-1.6369505567061267,-0.20741913643039556
2026-04-14,2026-04-14,-0.909989788064594,-1.0960088076773826
2026-04-15,2026-04-15,-0.6471035795732856,-0.11101952475011145
2026-04-16,2026-04-16,0.663308218405473,-1.6051261078729795
2026-04-17,2026-04-17,-1.8912798988883588,-0.3416440390411515
2026-04-18,2026-04-18,0.0858042423567168,-0.47216634494079196
2026-04-19,2026-04-19,-1.1179571276875244,-0.6357163690762102
2026-04-20,2026-04-20,-0.9587390874663211,-0.5447325225832391
2026-04-21,2026-04-21,-0.23961910727856128,-2.286573702325914
2026-04-22,2026-04-22,-2.0421791529525035,-0.9419151715264413
2026-04-23,2026-04-23,-0.541920433393257,-0.28874875593743554
2026-04-24,2026-04-24,-0.7626047647413063,-0.21008027961664388
2026-04-25,2026-04-25,-0.44118549960269693,-1.3858962927780858
2026-04-26,2026-04-26,-0.6489001829883474,0.919258889349976
2026-04-27,2026-04-27,1.5129476783765758,-1.2007967815067027
2026-04-28,2026-04-28,-1.5842269739861679,0.6467152319780862
2026-04-29,2026-04-29,-1.481468712301929,0.11638342484591319
2026-04-30,2026-04-30,-1.5774466601535129,-0.9450580363892642
2026-05-01,2026-05-01,-1.5134666314757435,1.488507659898421
2026-05-02,2026-05-02,-1.5989084375536429,-1.4683671903640645
2026-05-03,2026-05-03,0.22411556241281294,0.6565401591097189
2026-05-04,2026-05-04,0.4523762950877366,0.750126200510278
2026-05-05,2026-05-05,-1.5419480460198525,-0.9088788004998108
2026-05-06,2026-05-06,-1.8064774535429646,1.1664419339038778
2026-05-07,2026-05-07,-0.5054723189750882,-0.4637988922973295
2026-05-08,2026-05-08,-1.5317223436620877,0.08724606163035153
2026-05-09,2026-05-09,-0.3490239215419957,0.0712109557933032
2026-05-10,2026-05-10,-0.7813337855820688,-0.31105301716168987
2026-05-11,2026-05-11,-2.5021462516929462,0.6464585706284746
2026-05-12,2026-05-12,0.5591138106965889,0.6415595958866968
2026-05-13,2026-05-13,0.8056534196043235,-1.8880164806137278
2026-05-14,2026-05-14,-1.604689125743263,1.177322423131273
2026-05-15,2026-05-15,-1.3811212306537946,-1.777023022392817
2026-05-16,2026-05-16,-0.7089163287576803,0.9305200773776724
2026-05-17,2026-05-17,-0.6615295760520792,1.0372000606351148
2026-05-18,2026-05-18,-0.33848914710585964,-1.1679362934371786
2026-05-19,2026-05-19,1.0122818237381064,-0.4752367594273549
2026-05-20,2026-05-20,-1.1756013385705057,-1.1575695547780378
2026-05-21,2026-05-21,-1.797524736734533,-0.254220124928867
2026-05-22,2026-05-22,-2.3789619956767574,-0.33476136896124736
2026-05-23,2026-05-23,-1.730829911708668,0.7655096863285773
2026-05-24,2026-05-24,-1.0331257367023945,1.3087363780720223
2026-05-25,2026-05-25,0.794618435317494,1.4066901694280203
2026-05-26,2026-05-26,-1.51733317330656,-0.5385846827674468
2026-05-27,2026-05-27,-0.7755581848230824,-0.17306527630350949
2026-05-28,2026-05-28,-1.0152351703000213,-1.6347140621317398
2026-05-29,2026-05-29,0.1902729014099377,-0.7445861132748733
2026-05-30,2026-05-30,1.5296618865007887,1.0386857126205278
2026-05-31,2026-05-31,-1.527131683618875,1.701955346762759
2026-06-01,2026-06-01,-1.4845370879684885,-1.135451571515674
2026-06-02,2026-06-02,0.050385949063647684,-0.4810578299496671
2026-06-03,2026-06-03,-0.3104034780285023,0.09749217347952771
2026-06-04,2026-06-04,0.8560493271666016,0.4165309863857054
2026-06-05,2026-06-05,-0.4049360944374719,-0.6607833727373976
2026-06-06,2026-06-06,-1.3462061858402197,0.5853079637692405
2026-06-07,2026-06-07,-0.39415292231989885,-0.3001911694039864
2026-06-08,2026-06-08,0.1261579936602797,0.17156968916641133
2026-06-09,2026-06-09,-0.15964577352481268,0.7446505565647117
2026-06-10,2026-06-10,-0.47028120784038885,0.21710153980666244
2026-06-11,2026-06-11,0.09184684291461953,-0.21342699443159233
2026-06-12,2026-06-12,0.19734938099343868,0.12559343995365732
2026-06-13,2026-06-13,0.4132482078013773,0.15904741674666606
2026-06-14,2026-06-14,-0.3170121607257125,-0.11043266907831406
2026-06-15,2026-06-15,-1.1294985895534881,0.012909210453309061
2026-06-16,2026-06-16,-0.812173008291327,1.8824363645908133
2026-06-17,2026-06-17,0.2512678089100696,0.8567476596288399
2026-06-18,2026-06-18,-1.768380145670413,0.012340102987466905
2026-06-19,2026-06-19,-0.5788239378475291,1.0167183290819795
2026-06-20,2026-06-20,-1.336738910598942,-0.0021626571998715205
2026-06-21,2026-06-21,-0.9104088546849508,1.516621900768263
2026-06-22,2026-06-22,0.3436932059401474,0.7249255351594868
2026-06-23,2026-06-23,-0.7391166628087016,0.25971106300473484
2026-06-24,2026-06-24,-0.8790890707655294,0.8264019251430268
2026-06-25,2026-06-25,-2.280545204032783,-1.1805792789387755
2026-06-26,2026-06-26,-0.1694532624729489,-0.7249204778321552
2026-06-27,2026-06-27,-0.265095522450961,-0.7805914807732733
2026-06-28,2026-06-28,1.257946223722863,0.5676977540477535
2026-06-29,2026-06-29,-1.207672285476319,2.1686235843957027
2026-06-30,2026-06-30,-0.6751868854670889,2.678693652190458
2026-07-01,2026-07-01,-0.6392551829416009,1.0966587383972475
2026-07-02,2026-07-02,0.694653367038854,0.9705936783428264
2026-07-03,2026-07-03,-0.972116807620106,-1.3202412917357749
2026-07-04,2026-07-04,-0.5916823743947891,-0.05086619686758148
2026-07-05,2026-07-05,-0.25655224574332613,-0.28506280626951785
2026-07-06,2026-07-06,-0.6714477076993303,-0.10729285431246594
2026-07-07,2026-07-07,-1.2979627522838402,0.3561634649724413
2026-07-08,2026-07-08,-0.6507767160575113,0.06288628544572261
2026-07-09,2026-07-09,0.235561151154545,-1.4337380159052968
2026-07-10,2026-07-10,-1.857657181726755,1.3039706588263797
2026-07-11,2026-07-11,-0.6911119819564892,-0.5062719990544736
2026-07-12,2026-07-12,-1.5170118521320788,0.8160388832600789
2026-07-13,2026-07-13,0.3854754655840976,2.661104416780791
2026-07-14,2026-07-14,-2.325310097538819,-0.32222599988363765
2026-07-15,2026-07-15,-1.353470151184033,-1.9230865735129994
2026-07-16,2026-07-16,-0.40963582030706963,0.3311430087613438
2026-07-17,2026-07-17,0.7865014436508482,1.7279554971466482
2026-07-18,2026-07-18,-0.836824473771713,2.595092739645654
2026-07-19,2026-07-19,-1.318203361064727,-0.5831556366106491
2026-07-20,2026-07-20,1.1263443418797907,1.1526395759456887
2026-07-21,2026-07-21,-2.1945160887442974,0.2000725027413245
2026-07-22,2026-07-22,-2.936879488252422,0.568771929890556
2026-07-23,2026-07-23,-0.28951364106885746,3.328294196320999
2026-07-24,2026-07-24,-1.222921443277197,-0.8098971340787571
2026-07-25,2026-07-25,-1.7333251025617389,0.9558255373171956
2026-07-26,2026-07-26,0.005151768218668362,1.1786806395305345
2026-07-27,2026-07-27,-0.4504050923695242,1.8055628866031102
2026-07-28,2026-07-28,-1.2491757212205103,0.8264349203097553
2026-07-29,2026-07-29,-1.956184372033574,1.045062250135123
2026-07-30,2026-07-30,0.20590141509777138,0.3538064711966439
2026-07-31,2026-07-31,-0.0069252073105282586,1.0229073560762763
2026-08-01,2026-08-01,-0.7467687454167784,0.4187942464651333
2026-08-02,2026-08-02,1.2086800852945532,1.3916439514336314
2026-08-03,2026-08-03,-1.6983047636217963,0.40842541827480433
2026-08-04,2026-08-04,-2.143908852840955,1.1629767340090407
2026-08-05,2026-08-05,-1.3003575908754632,0.7643297646585352
2026-08-06,2026-08-06,-0.6440051027464258,1.9272334988765247
2026-08-07,2026-08-07,-0.34495451587811377,0.7572534247452684
2026-08-08,2026-08-08,-0.8193118173567018,-0.9570493701723277
2026-08-09,2026-08-09,-0.21571068958041156,2.0851114371689365
2026-08-10,2026-08-10,-1.8089060004520876,-0.0754657775904991
2026-08-11,2026-08-11,0.8968857285796314,0.18344540012389043
2026-08-12,2026-08-12,-0.6184558216299527,0.24836318998645734
2026-08-13,2026-08-13,0.5916502789568061,2.225141774248378
2026-08-14,2026-08-14,-0.17217794386311014,-1.2784259408983796
2026-08-15,2026-08-15,-0.047326336637541655,4.001405758161254
2026-08-16,2026-08-16,0.07659121833272775,1.9259863303316105
2026-08-17,2026-08-17,-0.03448597378473384,1.0993030850501173
2026-08-18,2026-08-18,0.1715860507845257,0.8271662021785249
2026-08-19,2026-08-19,0.8691481927338192,1.1734707430053293
2026-08-20,2026-08-20,-0.25227801049899257,1.4147550687027504
2026-08-21,2026-08-21,0.27148074713160664,1.5444228008458931
2026-08-22,2026-08-22,-0.5159133066596626,1.4602439758152461
2026-08-23,2026-08-23,1.0253524343440643,0.999509346786005
2026-08-24,2026-08-24,-1.0796786245432517,0.7177354248534596
2026-08-25,2026-08-25,1.4091963801904166,0.7688009509374789
2026-08-26,2026-08-26,-0.420297748767941,0.7300207622676437
2026-08-27,2026-08-27,-1.7992504969282999,2.063407597949841
2026-08-28,2026-08-28,-0.22864827350344352,1.5277555872497812
2026-08-29,2026-08-29,-1.0260251912694733,-2.0017762221204918
2026-08-30,2026-08-30,0.5075037542466654,1.5987782219908446
2026-08-31,2026-08-31,-0.973877322986535,1.1417294835924379
2026-09-01,2026-09-01,-0.75549949460365,0.9322505350944275
2026-09-02,2026-09-02,-2.186870567612704,0.5662563728399677
2026-09-03,2026-09-03,-0.737602885323128,2.0825520083013216
2026-09-04,2026-09-04,-2.6970974802374235,1.9094785610024125
2026-09-05,2026-09-05,-1.8449993338978132,0.1924350339733938
2026-09-06,2026-09-06,0.5114811016774049,1.3755728524510946
2026-09-07,2026-09-07,0.5490689483591507,-8.155264652609517e-05
2026-09-08,2026-09-08,0.20096615314739116,-0.4051420966128475
2026-09-09,2026-09-09,-1.1791922293117227,0.35050554057946004
2026-09-10,2026-09-10,-0.24761854136678557,1.8422083106534881
2026-09-11,2026-09-11,-0.1911691924664076,1.9353769227178343
2026-09-12,2026-09-12,-1.333561132444413,1.4976189168722347
2026-09-13,2026-09-13,1.3405997896020558,1.7117551224024892
2026-09-14,2026-09-14,0.7269874687617333,1.504807344428381
2026-09-15,2026-09-15,-0.35889151180231815,0.34896075516387226
2026-09-16,2026-09-16,-0.0985721911857668,1.424021472535109
2026-09-17,2026-09-17,0.0954139365184789,1.7940080528473852
2026-09-18,2026-09-18,-2.14219670627646,1.749232242197503
2026-09-19,2026-09-19,-0.33511629093165907,2.1850392412257857
2026-09-20,2026-09-20,-0.757386312580202,1.70545705942911
2026-09-21,2026-09-21,-1.0644732999393984,1.349470984801994
2026-09-22,2026-09-22,-0.33139486324932305,2.068884665575228
2026-09-23,2026-09-23,1.7599586341708042,0.97276679037128
2026-09-24,2026-09-24,0.6156876158776319,0.11780890551881595
2026-09-25,2026-09-25,-0.5837576076215392,0.8368539221133616
2026-09-26,2026-09-26,0.5725827813561581,0.2550973551935509
